{
  "full": {
    "FID": 125.88205815581148,
    "KID_mean": 0.09180230379104615,
    "KID_std": 0.0020578819623229164
  },
  "masked_info": {
    "real_fg": 1000,
    "real_bg": 1000,
    "gen_fg": 2594,
    "gen_bg": 2594
  },
  "fg": {
    "FID": 115.38381082670855,
    "KID_mean": 0.09204517364501953,
    "KID_std": 0.0016099729419640008
  },
  "bg": {
    "FID": 107.504829442698,
    "KID_mean": 0.06270756483078004,
    "KID_std": 0.0014433613914993486
  }
}