{
  "full": {
    "FID": 46.69587062147883,
    "KID_mean": 0.026460008621215822,
    "KID_std": 0.001351063252014964
  },
  "masked_info": {
    "real_fg": 2594,
    "real_bg": 2594,
    "gen_fg": 2594,
    "gen_bg": 2594
  },
  "fg": {
    "FID": 80.10960830490393,
    "KID_mean": 0.062172176837921145,
    "KID_std": 0.001795176924261897
  },
  "bg": {
    "FID": 55.70710529236334,
    "KID_mean": 0.03133872985839844,
    "KID_std": 0.0015631961983236817
  }
}