{
  "full": {
    "FID": 84.8568374261182,
    "KID_mean": 0.06834589004516602,
    "KID_std": 0.003146524306620666
  },
  "masked_info": {
    "real_fg": 2594,
    "real_bg": 2594,
    "gen_fg": 2594,
    "gen_bg": 2594
  },
  "fg": {
    "FID": 86.24093107074253,
    "KID_mean": 0.06435884714126587,
    "KID_std": 0.0018055766167841074
  },
  "bg": {
    "FID": 66.99107608400317,
    "KID_mean": 0.03863170623779297,
    "KID_std": 0.0015963689615749175
  }
}